library,mean_energy_j,energy_efficiency_score
matplotlib,271.82036785481773,100.0
holoviews,2483.148253965105,90.23834319634464
seaborn,3593.486141241455,85.70228127886698
plotnine,16961.21234476798,46.060286433954836
pygal,18897.745986473346,42.09796890260598
plotly,43329.04782861749,13.53352832366127
