library,mean_energy_j,energy_efficiency_score
matplotlib,271.82036785481773,100.0
holoviews,2483.148253965105,94.8642120811763
seaborn,3593.486141241455,92.2854629309014
plotnine,16961.21234476798,61.23904635494255
pygal,18897.745986473346,56.74146544713771
plotly,43329.04782861749,0.0
